{
  "bert-base-uncased_ChaosNLI-M": {
    "model": "bert-base-uncased",
    "dataset": "ChaosNLI-M",
    "n_runs": 3,
    "test_accuracy_mean": 0.5308333333333334,
    "test_accuracy_std": 0.007660323462854282,
    "uncal_ece_mean": 0.24819768947105336,
    "uncal_ece_std": 0.010792500136910669,
    "ts_hard_ece_mean": 0.20404322494166605,
    "ts_hard_ece_std": 0.012852836985063915,
    "ts_soft_ece_mean": 0.05435208206492594,
    "ts_soft_ece_std": 0.015895839425656685,
    "uncal_bs_soft_mean": 0.32438221058386135,
    "uncal_bs_soft_std": 0.0019667693808607433,
    "ts_hard_bs_soft_mean": 0.2842737428593059,
    "ts_hard_bs_soft_std": 0.004226298666620176,
    "ts_soft_bs_soft_mean": 0.1649296093397368,
    "ts_soft_bs_soft_std": 0.002320794680004192,
    "gap_mean": 0.11934413351956907,
    "gap_std": 0.004674924561365712,
    "T_star_hard_mean": 1.2227703312152602,
    "T_star_hard_std": 0.018161084690776003,
    "T_star_soft_mean": 4.131225744962914,
    "T_star_soft_std": 0.07233803028146821,
    "iso_hard_ece_mean": 0.18017735592214024,
    "iso_hard_ece_std": 0.010412744953740167,
    "iso_soft_ece_mean": 0.08844759141197883,
    "iso_soft_ece_std": 0.007892190997548508,
    "iso_hard_bs_soft_mean": 0.2641839022042551,
    "iso_hard_bs_soft_std": 0.006600413750364875,
    "iso_soft_bs_soft_mean": 0.13826172110309928,
    "iso_soft_bs_soft_std": 0.0018018389020443947,
    "iso_gap_mean": 0.12592218110115574,
    "iso_gap_std": 0.005533594502241326
  },
  "bert-base-uncased_ChaosNLI-S": {
    "model": "bert-base-uncased",
    "dataset": "ChaosNLI-S",
    "n_runs": 3,
    "test_accuracy_mean": 0.7124614707177455,
    "test_accuracy_std": 0.011831817562786787,
    "uncal_ece_mean": 0.15600988481345793,
    "uncal_ece_std": 0.016059746614377007,
    "ts_hard_ece_mean": 0.10771184199703715,
    "ts_hard_ece_std": 0.01017858745057698,
    "ts_soft_ece_mean": 0.09912781283206233,
    "ts_soft_ece_std": 0.0033422409160599816,
    "uncal_bs_soft_mean": 0.23937269051715326,
    "uncal_bs_soft_std": 0.01777211445506842,
    "ts_hard_bs_soft_mean": 0.20594767006151493,
    "ts_hard_bs_soft_std": 0.01232850789750748,
    "ts_soft_bs_soft_mean": 0.1562287799777241,
    "ts_soft_bs_soft_std": 0.010115979899732343,
    "gap_mean": 0.049718890083790795,
    "gap_std": 0.0023099900806856535,
    "T_star_hard_mean": 1.340469071872653,
    "T_star_hard_std": 0.06264764317373606,
    "T_star_soft_mean": 3.1270453363911392,
    "T_star_soft_std": 0.2358452447664715,
    "iso_hard_ece_mean": 0.10457777945395148,
    "iso_hard_ece_std": 0.010125308281777936,
    "iso_soft_ece_mean": 0.09427145353010524,
    "iso_soft_ece_std": 0.008306244232101025,
    "iso_hard_bs_soft_mean": 0.1949048974394665,
    "iso_hard_bs_soft_std": 0.005687667653165396,
    "iso_soft_bs_soft_mean": 0.13975881502873644,
    "iso_soft_bs_soft_std": 0.004308449110521576,
    "iso_gap_mean": 0.055146082410730074,
    "iso_gap_std": 0.0018547558875176757
  },
  "bert-large-uncased_ChaosNLI-M": {
    "model": "bert-large-uncased",
    "dataset": "ChaosNLI-M",
    "n_runs": 3,
    "test_accuracy_mean": 0.5225,
    "test_accuracy_std": 0.00889756521002611,
    "uncal_ece_mean": 0.1730470672877433,
    "uncal_ece_std": 0.007321334068902368,
    "ts_hard_ece_mean": 0.14917219131685525,
    "ts_hard_ece_std": 0.010037853409936038,
    "ts_soft_ece_mean": 0.054357372139858216,
    "ts_soft_ece_std": 0.010925556325329268,
    "uncal_bs_soft_mean": 0.2491296472997149,
    "uncal_bs_soft_std": 0.002361892478512516,
    "ts_hard_bs_soft_mean": 0.23197496663647196,
    "ts_hard_bs_soft_std": 0.006346346241695064,
    "ts_soft_bs_soft_mean": 0.15798122844063844,
    "ts_soft_bs_soft_std": 0.0024212412489149457,
    "gap_mean": 0.07399373819583348,
    "gap_std": 0.00419981851154141,
    "T_star_hard_mean": 1.1229740577057992,
    "T_star_hard_std": 0.06638189813116284,
    "T_star_soft_mean": 3.136791830607635,
    "T_star_soft_std": 0.13929929754160167,
    "iso_hard_ece_mean": 0.1721087143614883,
    "iso_hard_ece_std": 0.0092139764389533,
    "iso_soft_ece_mean": 0.05797044028322399,
    "iso_soft_ece_std": 0.004428717969697137,
    "iso_hard_bs_soft_mean": 0.24643372416296447,
    "iso_hard_bs_soft_std": 0.002056197042891223,
    "iso_soft_bs_soft_mean": 0.14559600592793243,
    "iso_soft_bs_soft_std": 0.0007448986456285749,
    "iso_gap_mean": 0.10083771823503206,
    "iso_gap_std": 0.0013195427260681057
  },
  "bert-large-uncased_ChaosNLI-S": {
    "model": "bert-large-uncased",
    "dataset": "ChaosNLI-S",
    "n_runs": 3,
    "test_accuracy_mean": 0.5341259357111404,
    "test_accuracy_std": 0.021848764826165146,
    "uncal_ece_mean": 0.1451026463613124,
    "uncal_ece_std": 0.032491816677095074,
    "ts_hard_ece_mean": 0.15534287961130347,
    "ts_hard_ece_std": 0.0013661684505231549,
    "ts_soft_ece_mean": 0.059883288037545605,
    "ts_soft_ece_std": 0.014614890807880745,
    "uncal_bs_soft_mean": 0.31679000500168736,
    "uncal_bs_soft_std": 0.03424013015926828,
    "ts_hard_bs_soft_mean": 0.31837048740543655,
    "ts_hard_bs_soft_std": 0.02098981102401101,
    "ts_soft_bs_soft_mean": 0.26497448226310233,
    "ts_soft_bs_soft_std": 0.013718849546794244,
    "gap_mean": 0.053396005142334245,
    "gap_std": 0.007280604865162888,
    "T_star_hard_mean": 0.9800912128812032,
    "T_star_hard_std": 0.10233436316507859,
    "T_star_soft_mean": 2.1458459002462864,
    "T_star_soft_std": 0.3510580030393104,
    "iso_hard_ece_mean": 0.13056203934991562,
    "iso_hard_ece_std": 0.0059742875286324625,
    "iso_soft_ece_mean": 0.03953526164919629,
    "iso_soft_ece_std": 0.008517826340857257,
    "iso_hard_bs_soft_mean": 0.3073290097039345,
    "iso_hard_bs_soft_std": 0.0014286139865479503,
    "iso_soft_bs_soft_mean": 0.23853162300475103,
    "iso_soft_bs_soft_std": 0.0013138336791392153,
    "iso_gap_mean": 0.06879738669918352,
    "iso_gap_std": 0.0005037471653555952
  },
  "distilbert-base-uncased_ChaosNLI-M": {
    "model": "distilbert-base-uncased",
    "dataset": "ChaosNLI-M",
    "n_runs": 3,
    "test_accuracy_mean": 0.5008333333333334,
    "test_accuracy_std": 0.013856907623596568,
    "uncal_ece_mean": 0.2921474224744623,
    "uncal_ece_std": 0.014152000506966996,
    "ts_hard_ece_mean": 0.24117620300457807,
    "ts_hard_ece_std": 0.014891166276629623,
    "ts_soft_ece_mean": 0.04104599280452123,
    "ts_soft_ece_std": 0.005090716458673108,
    "uncal_bs_soft_mean": 0.35464196785577656,
    "uncal_bs_soft_std": 0.009502930898134776,
    "ts_hard_bs_soft_mean": 0.3024558250133213,
    "ts_hard_bs_soft_std": 0.01091468461722002,
    "ts_soft_bs_soft_mean": 0.1688096550930541,
    "ts_soft_bs_soft_std": 0.004031473076312101,
    "gap_mean": 0.1336461699202672,
    "gap_std": 0.006927519738484277,
    "T_star_hard_mean": 1.2672763555975788,
    "T_star_hard_std": 0.020100148972180737,
    "T_star_soft_mean": 4.414790544649246,
    "T_star_soft_std": 0.1524861336188352,
    "iso_hard_ece_mean": 0.21409977770328112,
    "iso_hard_ece_std": 0.0074339579014407655,
    "iso_soft_ece_mean": 0.07278718975464131,
    "iso_soft_ece_std": 0.008750385063595332,
    "iso_hard_bs_soft_mean": 0.27971669634232943,
    "iso_hard_bs_soft_std": 0.007717320055344941,
    "iso_soft_bs_soft_mean": 0.14382010751271027,
    "iso_soft_bs_soft_std": 0.0025774601869866577,
    "iso_gap_mean": 0.13589658882961916,
    "iso_gap_std": 0.005182215295086198
  },
  "distilbert-base-uncased_ChaosNLI-S": {
    "model": "distilbert-base-uncased",
    "dataset": "ChaosNLI-S",
    "n_runs": 3,
    "test_accuracy_mean": 0.7481285777190666,
    "test_accuracy_std": 0.010364246848031541,
    "uncal_ece_mean": 0.17720358623081534,
    "uncal_ece_std": 0.014311790998973409,
    "ts_hard_ece_mean": 0.09143324130781859,
    "ts_hard_ece_std": 0.009787002813069776,
    "ts_soft_ece_mean": 0.13024440872021348,
    "ts_soft_ece_std": 0.0076143568888611575,
    "uncal_bs_soft_mean": 0.24490377130688637,