{
  "bert-base-uncased_ChaosNLI-M": {
    "model": "bert-base-uncased",
    "dataset": "ChaosNLI-M",
    "n_runs": 3,
    "test_accuracy_mean": 0.5308333333333334,
    "test_accuracy_std": 0.007660323462854282,
    "uncal_ece_mean": 0.24819768947105336,
    "uncal_ece_std": 0.010792500136910669,
    "ts_hard_ece_mean": 0.20404322494166605,
    "ts_hard_ece_std": 0.012852836985063915,
    "ts_soft_ece_mean": 0.05435208206492594,
    "ts_soft_ece_std": 0.015895839425656685,
    "uncal_bs_soft_mean": 0.32438221058386135,
    "uncal_bs_soft_std": 0.0019667693808607433,
    "ts_hard_bs_soft_mean": 0.2842737428593059,
    "ts_hard_bs_soft_std": 0.004226298666620176,
    "ts_soft_bs_soft_mean": 0.1649296093397368,
    "ts_soft_bs_soft_std": 0.002320794680004192,
    "gap_mean": 0.11934413351956907,
    "gap_std": 0.004674924561365712,
    "T_star_hard_mean": 1.2227703312152602,
    "T_star_hard_std": 0.018161084690776003,
    "T_star_soft_mean": 4.131225744962914,
    "T_star_soft_std": 0.07233803028146821
  },
  "bert-base-uncased_ChaosNLI-S": {
    "model": "bert-base-uncased",
    "dataset": "ChaosNLI-S",
    "n_runs": 3,
    "test_accuracy_mean": 0.7124614707177455,
    "test_accuracy_std": 0.011831817562786787,
    "uncal_ece_mean": 0.15600988481345793,
    "uncal_ece_std": 0.016059746614377007,
    "ts_hard_ece_mean": 0.10771184199703715,
    "ts_hard_ece_std": 0.01017858745057698,
    "ts_soft_ece_mean": 0.09912781283206233,
    "ts_soft_ece_std": 0.0033422409160599816,
    "uncal_bs_soft_mean": 0.23937269051715326,
    "uncal_bs_soft_std": 0.01777211445506842,
    "ts_hard_bs_soft_mean": 0.20594767006151493,
    "ts_hard_bs_soft_std": 0.01232850789750748,
    "ts_soft_bs_soft_mean": 0.1562287799777241,
    "ts_soft_bs_soft_std": 0.010115979899732343,
    "gap_mean": 0.049718890083790795,
    "gap_std": 0.0023099900806856535,
    "T_star_hard_mean": 1.340469071872653,
    "T_star_hard_std": 0.06264764317373606,
    "T_star_soft_mean": 3.1270453363911392,
    "T_star_soft_std": 0.2358452447664715
  },
  "bert-large-uncased_ChaosNLI-M": {
    "model": "bert-large-uncased",
    "dataset": "ChaosNLI-M",
    "n_runs": 3,
    "test_accuracy_mean": 0.5225,
    "test_accuracy_std": 0.00889756521002611,
    "uncal_ece_mean": 0.17127834825093222,
    "uncal_ece_std": 0.00782656744930569,
    "ts_hard_ece_mean": 0.14889985503822276,
    "ts_hard_ece_std": 0.010422534261746209,
    "ts_soft_ece_mean": 0.05432465938417435,
    "ts_soft_ece_std": 0.010879644726337913,
    "uncal_bs_soft_mean": 0.24916732560097707,
    "uncal_bs_soft_std": 0.002400597037719537,
    "ts_hard_bs_soft_mean": 0.23203438613317742,
    "ts_hard_bs_soft_std": 0.006284421828982202,
    "ts_soft_bs_soft_mean": 0.15797962160148893,
    "ts_soft_bs_soft_std": 0.0024222295355529246,
    "gap_mean": 0.07405476453168851,
    "gap_std": 0.004125162724587459,
    "T_star_hard_mean": 1.1226222619990687,
    "T_star_hard_std": 0.06598785615270597,
    "T_star_soft_mean": 3.1361563478850356,
    "T_star_soft_std": 0.13843619407959762
  },
  "bert-large-uncased_ChaosNLI-S": {
    "model": "bert-large-uncased",
    "dataset": "ChaosNLI-S",
    "n_runs": 3,
    "test_accuracy_mean": 0.5702333773667987,
    "test_accuracy_std": 0.009727310451067575,
    "uncal_ece_mean": 0.119063429340447,
    "uncal_ece_std": 0.010898532784612064,
    "ts_hard_ece_mean": 0.13552941839491503,
    "ts_hard_ece_std": 0.01141677228975166,
    "ts_soft_ece_mean": 0.05112420476981442,
    "ts_soft_ece_std": 0.004738436675979201,
    "uncal_bs_soft_mean": 0.2823955206246513,
    "uncal_bs_soft_std": 0.013100434315344876,
    "ts_hard_bs_soft_mean": 0.2921831692719244,
    "ts_hard_bs_soft_std": 0.012052241845403799,
    "ts_soft_bs_soft_mean": 0.2398056819156613,
    "ts_soft_bs_soft_std": 0.006959491025356007,
    "gap_mean": 0.05237748735626314,
    "gap_std": 0.005585841270552268,
    "T_star_hard_mean": 0.9254756841961932,
    "T_star_hard_std": 0.028215537581065635,
    "T_star_soft_mean": 2.1126799623089387,
    "T_star_soft_std": 0.11832642733972953
  },
  "distilbert-base-uncased_ChaosNLI-M": {
    "model": "distilbert-base-uncased",
    "dataset": "ChaosNLI-M",
    "n_runs": 3,
    "test_accuracy_mean": 0.5008333333333334,
    "test_accuracy_std": 0.013856907623596568,
    "uncal_ece_mean": 0.2921474224744623,
    "uncal_ece_std": 0.014152000506966996,
    "ts_hard_ece_mean": 0.24117620300457807,
    "ts_hard_ece_std": 0.014891166276629623,
    "ts_soft_ece_mean": 0.04104599280452123,
    "ts_soft_ece_std": 0.005090716458673108,
    "uncal_bs_soft_mean": 0.35464196785577656,
    "uncal_bs_soft_std": 0.009502930898134776,
    "ts_hard_bs_soft_mean": 0.3024558250133213,
    "ts_hard_bs_soft_std": 0.01091468461722002,
    "ts_soft_bs_soft_mean": 0.1688096550930541,
    "ts_soft_bs_soft_std": 0.004031473076312101,
    "gap_mean": 0.1336461699202672,
    "gap_std": 0.006927519738484277,
    "T_star_hard_mean": 1.2672763555975788,
    "T_star_hard_std": 0.020100148972180737,
    "T_star_soft_mean": 4.414790544649246,
    "T_star_soft_std": 0.1524861336188352
  },
  "distilbert-base-uncased_ChaosNLI-S": {
    "model": "distilbert-base-uncased",
    "dataset": "ChaosNLI-S",
    "n_runs": 3,
    "test_accuracy_mean": 0.7481285777190666,
    "test_accuracy_std": 0.010364246848031541,
    "uncal_ece_mean": 0.17720358623081534,
    "uncal_ece_std": 0.014311790998973409,
    "ts_hard_ece_mean": 0.09143324130781859,
    "ts_hard_ece_std": 0.009787002813069776,
    "ts_soft_ece_mean": 0.13024440872021348,
    "ts_soft_ece_std": 0.0076143568888611575,
    "uncal_bs_soft_mean": 0.24490377130688637,
    "uncal_bs_soft_std": 0.00962446499700628,
    "ts_hard_bs_soft_mean": 0.1844694290044654,
    "ts_hard_bs_soft_std": 0.005141517180749264,
    "ts_soft_bs_soft_mean": 0.13966502653957447,
    "ts_soft_bs_soft_std": 0.0041037431387045565,
    "gap_mean": 0.04480440246489093,
    "gap_std": 0.0011722261603264064,
    "T_star_hard_mean": 1.830592552985605,
    "T_star_hard_std": 0.0547816716870708,
    "T_star_soft_mean": 4.33656220316957,
    "T_star_soft_std": 0.15851617860385142
  },
  "resnet101_CIFAR-10H": {
    "model": "resnet101",
    "dataset": "CIFAR-10H",
    "n_runs": 3,
    "test_accuracy_mean": 0.9081333333333333,
    "test_accuracy_std": 0.007845734863959846,
    "uncal_ece_mean": 0.043462514973873684,
    "uncal_ece_std": 0.0010339582847923292,
    "ts_hard_ece_mean": 0.018402446245985724,
    "ts_hard_ece_std": 0.00038927688751923316,
    "ts_soft_ece_mean": 0.0219179103426209,
    "ts_soft_ece_std": 0.005948209426008434,
    "uncal_bs_soft_mean": 0.12026447224729929,
    "uncal_bs_soft_std": 0.009980807079646749,
    "ts_hard_bs_soft_mean": 0.11116658175156036,
    "ts_hard_bs_soft_std": 0.010914891616055012,
    "ts_soft_bs_soft_mean": 0.10788611353055323,
    "ts_soft_bs_soft_std": 0.011195009126335833,
    "gap_mean": 0.003280468221007119,
    "gap_std": 0.00038531802294579934,
    "T_star_hard_mean": 1.4320565027403998,
    "T_star_hard_std": 0.06722509891279553,
    "T_star_soft_mean": 1.8889135754961612,
    "T_star_soft_std": 0.08885638304153268
  },
  "resnet18_CIFAR-10H": {
    "model": "resnet18",
    "dataset": "CIFAR-10H",
    "n_runs": 3,
    "test_accuracy_mean": 0.8979333333333334,
    "test_accuracy_std": 0.03928709146215274,
    "uncal_ece_mean": 0.030241743892043663,
    "uncal_ece_std": 0.006171016977902135,
    "ts_hard_ece_mean": 0.015621115646724438,
    "ts_hard_ece_std": 0.00439324572874873,
    "ts_soft_ece_mean": 0.021384712396197075,
    "ts_soft_ece_std": 0.0019454644734778661,
    "uncal_bs_soft_mean": 0.13230281033398195,
    "uncal_bs_soft_std": 0.044647952179701834,
    "ts_hard_bs_soft_mean": 0.1273451288959071,
    "ts_hard_bs_soft_std": 0.048149911294517116,
    "ts_soft_bs_soft_mean": 0.12566055689142672,
    "ts_soft_bs_soft_std": 0.04934132720862334,
    "gap_mean": 0.0016845720044804159,
    "gap_std": 0.0011916031296136445,
    "T_star_hard_mean": 1.2675905035047574,