{
  "model": "distilbert-base-uncased",
  "dataset": "ChaosNLI-M",
  "seed": 456,
  "T_star_hard": 1.2590322928755011,
  "T_star_soft": 4.250137244475046,
  "test_accuracy": 0.51125,
  "uncal_ece": 0.27930286047222874,
  "ts_hard_ece": 0.23221760097397393,
  "ts_soft_ece": 0.047618658780226975,
  "uncal_bs_soft": 0.34711697687400894,
  "ts_hard_bs_soft": 0.2965747581324036,
  "ts_soft_bs_soft": 0.1660319651948885,
  "iso_hard_ece": 0.207656903689153,
  "iso_soft_ece": 0.06912437037609778,
  "iso_hard_bs_soft": 0.27459838347668425,
  "iso_soft_bs_soft": 0.14260543612324286,
  "gap": 0.13054279293751508,
  "iso_gap": 0.1319929473534414
}
