{
  "model": "resnet101",
  "dataset": "CIFAR-10H",
  "seed": 456,
  "T_star_hard": 1.4300737943894268,
  "T_star_soft": 1.8205082352421054,
  "test_accuracy": 0.9098,
  "uncal_ece": 0.0439471816720247,
  "ts_hard_ece": 0.017878131632846506,
  "ts_soft_ece": 0.015138691188202553,
  "uncal_bs_soft": 0.11431241409782134,
  "ts_hard_bs_soft": 0.10523732025586842,
  "ts_soft_bs_soft": 0.1021562779393626,
  "iso_hard_ece": 0.018616866973707354,
  "iso_soft_ece": 0.01968880273739724,
  "iso_hard_bs_soft": 0.10559875414077226,
  "iso_soft_bs_soft": 0.10368530476081955,
  "gap": 0.0030810423165058137,
  "iso_gap": 0.0019134493799527058
}
