{
  "model": "resnet50",
  "seed": 123,
  "T_star_hard": 1.2375866717379143,
  "T_star_soft": 1.6119372762411068,
  "test_accuracy": 0.8896,
  "uncal_ece": 0.0405942778829173,
  "ts_hard_ece": 0.02254956085496482,
  "ts_soft_ece": 0.018832977964809924,
  "uncal_bs_soft": 0.14106478909474077,
  "ts_hard_bs_soft": 0.13514267325370083,
  "ts_soft_bs_soft": 0.13126360631566267,
  "gap": 0.0038790669380381615
}