{
  "model": "resnet18",
  "dataset": "CIFAR-10H",
  "seed": 123,
  "T_star_hard": 1.4147356001388145,
  "T_star_soft": 1.805423710745292,
  "test_accuracy": 0.9242,
  "uncal_ece": 0.03567147760161628,
  "ts_hard_ece": 0.011194315712493907,
  "ts_soft_ece": 0.023646824460807285,
  "uncal_bs_soft": 0.10160025521055693,
  "ts_hard_bs_soft": 0.0938269887298388,
  "ts_soft_bs_soft": 0.09133937227059243,
  "iso_hard_ece": 0.013771357474381,
  "iso_soft_ece": 0.024926432655439795,
  "iso_hard_bs_soft": 0.0938879108066149,
  "iso_soft_bs_soft": 0.09159281249128746,
  "gap": 0.002487616459246375,
  "iso_gap": 0.00229509831532744
}
