{
  "model": "bert-large-uncased",
  "dataset": "ChaosNLI-S",
  "seed": 456,
  "T_star_hard": 1.1026887569264043,
  "T_star_soft": 2.611020381886734,
  "test_accuracy": 0.512549537648613,
  "uncal_ece": 0.1802959470889576,
  "ts_hard_ece": 0.15720333545103907,
  "ts_soft_ece": 0.05581891166604143,
  "uncal_bs_soft": 0.36315909597230905,
  "ts_hard_bs_soft": 0.34770177596365726,
  "ts_soft_bs_soft": 0.28420644487415325,
  "iso_hard_ece": 0.12376574997589096,
  "iso_soft_ece": 0.05115925378379006,
  "iso_hard_bs_soft": 0.30610722620631636,
  "iso_soft_bs_soft": 0.23800125413027207,
  "gap": 0.063495331089504,
  "iso_gap": 0.0681059720760443
}
