{
  "model": "resnet50",
  "seed": 456,
  "T_star_hard": 1.20717925891781,
  "T_star_soft": 1.526368759036706,
  "test_accuracy": 0.8852,
  "uncal_ece": 0.033493586590795266,
  "ts_hard_ece": 0.017611709557599855,
  "ts_soft_ece": 0.02714103246922327,
  "uncal_bs_soft": 0.14647001636704818,
  "ts_hard_bs_soft": 0.14227158038806548,
  "ts_soft_bs_soft": 0.14052416106231158,
  "gap": 0.0017474193257538961
}