{
  "model": "bert-large-uncased",
  "dataset": "ChaosNLI-S",
  "seed": 123,
  "T_star_hard": 0.924012615309493,
  "T_star_soft": 1.9713430680535755,
  "test_accuracy": 0.582562747688243,
  "uncal_ece": 0.10479802740831558,
  "ts_hard_ece": 0.11969495933617204,
  "ts_soft_ece": 0.050282168583219405,
  "uncal_bs_soft": 0.2662864240825979,
  "ts_hard_bs_soft": 0.2755386563498909,
  "ts_soft_bs_soft": 0.2310229688195575,
  "gap": 0.04451568753033339
}