{
  "model": "bert-large-uncased",
  "dataset": "ChaosNLI-S",
  "seed": 123,
  "T_star_hard": 0.8521901550707484,
  "T_star_soft": 1.7630184901309358,
  "test_accuracy": 0.5640686922060766,
  "uncal_ece": 0.10191984907406507,
  "ts_hard_ece": 0.1539613730589894,
  "ts_soft_ece": 0.07946549569686194,
  "uncal_bs_soft": 0.28152198642689985,
  "ts_hard_bs_soft": 0.29975327585860395,
  "ts_soft_bs_soft": 0.25314288367864113,
  "iso_hard_ece": 0.12961323047488593,
  "iso_soft_ece": 0.03098608573748305,
  "iso_hard_bs_soft": 0.30654640200977584,
  "iso_soft_bs_soft": 0.23725464336271793,
  "gap": 0.04661039217996282,
  "iso_gap": 0.06929175864705792
}
