{
  "model": "resnet18",
  "dataset": "CIFAR-10H",
  "seed": 456,
  "T_star_hard": 1.388035910375458,
  "T_star_soft": 1.7168707889150736,
  "test_accuracy": 0.9272,
  "uncal_ece": 0.033443858505428664,
  "ts_hard_ece": 0.01405913565859336,
  "ts_soft_ece": 0.01889741715869789,
  "uncal_bs_soft": 0.09987151489641781,
  "ts_hard_bs_soft": 0.09277173706291149,
  "ts_soft_bs_soft": 0.09020563750871662,
  "iso_hard_ece": 0.01069436261757923,
  "iso_soft_ece": 0.024473690642990792,
  "iso_hard_bs_soft": 0.09264155905672865,
  "iso_soft_bs_soft": 0.09084867728884567,
  "gap": 0.002566099554194873,
  "iso_gap": 0.0017928817678829756
}
