{
  "model": "resnet50",
  "dataset": "CIFAR-10H",
  "seed": 42,
  "T_star_hard": 1.148667389382955,
  "T_star_soft": 1.478030273768359,
  "test_accuracy": 0.8832,
  "uncal_ece": 0.03481907169271514,
  "ts_hard_ece": 0.018740296119238567,
  "ts_soft_ece": 0.02100959609875761,
  "uncal_bs_soft": 0.1418391541102502,
  "ts_hard_bs_soft": 0.13824184022719166,
  "ts_soft_bs_soft": 0.13527606696682445,
  "iso_hard_ece": 0.02063951489318211,
  "iso_soft_ece": 0.023552036223693104,
  "iso_hard_bs_soft": 0.1379207487622813,
  "iso_soft_bs_soft": 0.13552207867645966,
  "gap": 0.002965773260367205,
  "iso_gap": 0.002398670085821647
}
