{
  "model": "bert-large-uncased",
  "dataset": "ChaosNLI-M",
  "seed": 42,
  "T_star_hard": 1.1974587078902312,
  "T_star_soft": 3.326035481431986,
  "test_accuracy": 0.535,
  "uncal_ece": 0.17265229248218042,
  "ts_hard_ece": 0.13499415874005816,
  "ts_soft_ece": 0.06969163356794243,
  "uncal_bs_soft": 0.25153807260821126,
  "ts_hard_bs_soft": 0.22533392883049802,
  "ts_soft_bs_soft": 0.15649334659662462,
  "iso_hard_ece": 0.1596980064864635,
  "iso_soft_ece": 0.0539425668749427,
  "iso_hard_bs_soft": 0.24374309672053568,
  "iso_soft_bs_soft": 0.14467563580685397,
  "gap": 0.0688405822338734,
  "iso_gap": 0.09906746091368171
}
