{
  "model": "resnet101",
  "seed": 123,
  "T_star_hard": 1.3507321686392946,
  "T_star_soft": 1.8318270497707745,
  "test_accuracy": 0.8978,
  "uncal_ece": 0.04202543133883312,
  "ts_hard_ece": 0.018519257817937847,
  "ts_soft_ece": 0.02962068972935055,
  "uncal_bs_soft": 0.1343244770428983,
  "ts_hard_bs_soft": 0.12647362644774401,
  "ts_soft_bs_soft": 0.12353262285778333,
  "gap": 0.002941003589960689
}