{
  "model": "resnet18",
  "seed": 42,
  "T_star_hard": 1.4046343859229862,
  "T_star_soft": 1.794266927422216,
  "test_accuracy": 0.9234,
  "uncal_ece": 0.03329581336684391,
  "ts_hard_ece": 0.012478381928656697,
  "ts_soft_ece": 0.023625728506981573,
  "uncal_bs_soft": 0.10004753937222452,
  "ts_hard_bs_soft": 0.09344367393205796,
  "ts_soft_bs_soft": 0.09145611041764219,
  "gap": 0.0019875635144157716
}