{
  "model": "bert-large-uncased",
  "dataset": "ChaosNLI-S",
  "seed": 42,
  "T_star_hard": 0.9853947266464564,
  "T_star_soft": 2.06349882872119,
  "test_accuracy": 0.5257595772787318,
  "uncal_ece": 0.15309214292091447,
  "ts_hard_ece": 0.154863930323882,
  "ts_soft_ece": 0.04436545674973343,
  "uncal_bs_soft": 0.30568893260585317,
  "ts_hard_bs_soft": 0.3076564103940484,
  "ts_soft_bs_soft": 0.2575741182365125,
  "iso_hard_ece": 0.13830713759896995,
  "iso_soft_ece": 0.03646044542631575,
  "iso_hard_bs_soft": 0.30933340089571143,
  "iso_soft_bs_soft": 0.2403389715212631,
  "gap": 0.0500822921575359,
  "iso_gap": 0.06899442937444833
}
