{
  "model": "distilbert-base-uncased",
  "dataset": "ChaosNLI-S",
  "seed": 42,
  "T_star_hard": 1.75379375030483,
  "T_star_soft": 4.150082408964384,
  "test_accuracy": 0.7595772787318362,
  "uncal_ece": 0.15717058734928813,
  "ts_hard_ece": 0.07850943620431927,
  "ts_soft_ece": 0.1316094107544239,
  "uncal_bs_soft": 0.23135984545379618,
  "ts_hard_bs_soft": 0.17721205817214147,
  "ts_soft_bs_soft": 0.13387089867232427,
  "iso_hard_ece": 0.08526473260273737,
  "iso_soft_ece": 0.10722333794653557,
  "iso_hard_bs_soft": 0.17589580563326565,
  "iso_soft_bs_soft": 0.12416689763816245,
  "gap": 0.043341159499817206,
  "iso_gap": 0.0517289079951032
}
