{
  "model": "resnet101",
  "seed": 42,
  "T_star_hard": 1.5153635451924772,
  "T_star_soft": 2.0144054414756036,
  "test_accuracy": 0.9168,
  "uncal_ece": 0.04441493191076324,
  "ts_hard_ece": 0.01880994928717282,
  "ts_soft_ece": 0.020994350110309583,
  "uncal_bs_soft": 0.11215652560117821,
  "ts_hard_bs_soft": 0.10178879855106863,
  "ts_soft_bs_soft": 0.09796943979451378,
  "gap": 0.0038193587565548553
}